ticketNumber,actionId,attachmentId,save_file_name
71874,90869995,35377849,OakImp_14093841_35377849.csv
71867,90867035,35376257,Outlook-vbeq5rc2_35376257.png
71867,90867035,35376258,Image_35376258.png
71867,90867035,35376256,Outlook-A picture _35376256.png
71859,90854826,35367605,Outlook-vbeq5rc2_35367605.png
71859,90854826,35367604,Outlook-A picture _35367604.png
71833,90848152,35364374,Outlook-pvz0spxh_35364374.png
71833,90848152,35364373,image001_35364373.jpg
71830,90845744,35362613,090b2d79-8ef8-48cd-bccd-64d2fcaef247_35362613.png
71830,90845744,35362668,Ag Coop Services_Otterville MO Grn Rclm PS-SC Programming-Parts (4-9-25) 716279_35362668.pdf
